{"train loss": 1.5711041787608062, "validation accuracy": 52.34245644894234, "_timestamp": 1663121864.487752, "_runtime": 824.005851984024, "_step": 2, "_wandb": {"runtime": 823}}